기후지형유형,계절,기상변수,FWI지수,N_셀일,Spearman_rho,p_value,q_FDR_global
고지·산간형,가을,기온_C,FFMC,4914,-0.20766405212578398,5.225093473464317e-49,7.44963821959269e-49
고지·산간형,가을,기온_C,DMC,4914,-0.3593520533137804,1.0490082217103875e-149,2.083547364500632e-149
고지·산간형,가을,기온_C,DC,4914,-0.3992933127853978,1.5902351883679417e-187,3.522982571153594e-187
고지·산간형,가을,기온_C,ISI,4914,-0.2569705063960467,6.004061046052733e-75,9.296610651952618e-75
고지·산간형,가을,기온_C,BUI,4914,-0.38017306051350364,9.306699313388118e-169,1.9854291868561318e-168
고지·산간형,가을,기온_C,FWI,4914,-0.2986642792021524,8.370237371916471e-102,1.4015281180883394e-101
고지·산간형,가을,습도_pct,FFMC,4914,-0.7788040055058805,0.0,0.0
고지·산간형,가을,습도_pct,DMC,4914,-0.5632536664477397,0.0,0.0
고지·산간형,가을,습도_pct,DC,4914,-0.41703998521491636,4.354672295521815e-206,1.0279882140248218e-205
고지·산간형,가을,습도_pct,ISI,4914,-0.7651300574359077,0.0,0.0
고지·산간형,가을,습도_pct,BUI,4914,-0.5418128980449817,0.0,0.0
고지·산간형,가을,습도_pct,FWI,4914,-0.7367833299075919,0.0,0.0
고지·산간형,가을,풍속_km_h,FFMC,4914,0.021769799758479775,0.1270462324613536,0.13451954025319793
고지·산간형,가을,풍속_km_h,DMC,4914,0.04744376343927291,0.0008783940976828584,0.0009546320759723141
고지·산간형,가을,풍속_km_h,DC,4914,0.07615198077709409,9.059083026843714e-08,1.0394485704107528e-07
고지·산간형,가을,풍속_km_h,ISI,4914,0.25387220534821037,3.887849207145539e-73,5.987703591753558e-73
고지·산간형,가을,풍속_km_h,BUI,4914,0.056758320274367786,6.864003398520921e-05,7.545164041122234e-05
고지·산간형,가을,풍속_km_h,FWI,4914,0.18062944954204352,2.6042970062042397e-37,3.5048483074150513e-37
고지·산간형,가을,강수량_mm,FFMC,4914,-0.7409072489124144,0.0,0.0
고지·산간형,가을,강수량_mm,DMC,4914,-0.5426323156181954,0.0,0.0
고지·산간형,가을,강수량_mm,DC,4914,-0.424518185769149,2.9799835960630512e-214,7.1519606305513225e-214
고지·산간형,가을,강수량_mm,ISI,4914,-0.7131293355265533,0.0,0.0
고지·산간형,가을,강수량_mm,BUI,4914,-0.5300203648185455,0.0,0.0
고지·산간형,가을,강수량_mm,FWI,4914,-0.7031572789272477,0.0,0.0
고지·산간형,겨울,기온_C,FFMC,4887,0.10786120947429927,4.018366443584327e-14,4.9246363223501545e-14
고지·산간형,겨울,기온_C,DMC,4887,0.08525463626992155,2.3834945113737895e-09,2.824882383850417e-09
고지·산간형,겨울,기온_C,DC,4887,0.0605236958689093,2.29740501833803e-05,2.5546434180747205e-05
고지·산간형,겨울,기온_C,ISI,4887,-0.01367375599362383,0.3392276037444511,0.3476781134462702
고지·산간형,겨울,기온_C,BUI,4887,0.08492908317778415,2.7415227534419137e-09,3.2226879713929436e-09
고지·산간형,겨울,기온_C,FWI,4887,0.028456232380148175,0.04668067038641968,0.04979271507884766
고지·산간형,겨울,습도_pct,FFMC,4887,-0.5911428626206082,0.0,0.0
고지·산간형,겨울,습도_pct,DMC,4887,-0.3015194416026762,2.9509047890686117e-103,4.99917987795153e-103
고지·산간형,겨울,습도_pct,DC,4887,-0.200336582946537,2.0054495244841615e-45,2.803735257531255e-45
고지·산간형,겨울,습도_pct,ISI,4887,-0.5289761837871326,0.0,0.0
고지·산간형,겨울,습도_pct,BUI,4887,-0.287865262427047,6.901507526571567e-94,1.1166484087936017e-93
고지·산간형,겨울,습도_pct,FWI,4887,-0.4660051693344783,4.8304717251605694e-262,1.3249293874726133e-261
고지·산간형,겨울,풍속_km_h,FFMC,4887,0.10991431279260622,1.3066104506061205e-14,1.6150378101912562e-14
고지·산간형,겨울,풍속_km_h,DMC,4887,0.14728418938344273,4.182051743663959e-25,5.329340275111594e-25
고지·산간형,겨울,풍속_km_h,DC,4887,0.10816040840858454,3.415979981387487e-14,4.204283054015369e-14
고지·산간형,겨울,풍속_km_h,ISI,4887,0.5118279396656931,0.0,0.0
고지·산간형,겨울,풍속_km_h,BUI,4887,0.14967547831096126,6.986680847555132e-26,8.982875375428027e-26
고지·산간형,겨울,풍속_km_h,FWI,4887,0.3930768498825361,2.665106401552803e-180,5.7710574710316335e-180
고지·산간형,겨울,강수량_mm,FFMC,4887,-0.5163608672344967,0.0,0.0
고지·산간형,겨울,강수량_mm,DMC,4887,-0.24099472313897422,1.603344270029342e-65,2.392555180147412e-65
고지·산간형,겨울,강수량_mm,DC,4887,-0.19367365753682486,1.636864607108244e-42,2.266427917534492e-42
고지·산간형,겨울,강수량_mm,ISI,4887,-0.45578259304296154,2.4310957341822484e-249,6.365050649495342e-249
고지·산간형,겨울,강수량_mm,BUI,4887,-0.22588535398714019,1.4048864667888097e-57,2.0538441747978536e-57
고지·산간형,겨울,강수량_mm,FWI,4887,-0.4083287042567883,9.16750131576079e-196,2.095428872173895e-195
고지·산간형,봄,기온_C,FFMC,4968,0.4068775811589263,1.9134753690670994e-197,4.4086472503305966e-197
고지·산간형,봄,기온_C,DMC,4968,0.491660280570349,9.223478482723395e-301,2.7385173227055027e-300
고지·산간형,봄,기온_C,DC,4968,0.4247610201290147,7.41598653402223e-217,1.7947933796625232e-216
고지·산간형,봄,기온_C,ISI,4968,0.37766430791822014,3.409711901141186e-168,7.220566378887218e-168
고지·산간형,봄,기온_C,BUI,4968,0.49027647061849566,7.884740409566277e-299,2.3171482019949875e-298
고지·산간형,봄,기온_C,FWI,4968,0.4554760263966633,4.6440267936422813e-253,1.238407144971275e-252
고지·산간형,봄,습도_pct,FFMC,4968,-0.6861032005543998,0.0,0.0
고지·산간형,봄,습도_pct,DMC,4968,-0.2925354239866152,1.3037338203731032e-98,2.1579042544106537e-98
고지·산간형,봄,습도_pct,DC,4968,-0.0170585249996735,0.22930980466362455,0.23927979617073866
고지·산간형,봄,습도_pct,ISI,4968,-0.6761835585305375,0.0,0.0
고지·산간형,봄,습도_pct,BUI,4968,-0.24064881017928963,2.1898641381859511e-66,3.284796207278927e-66
고지·산간형,봄,습도_pct,FWI,4968,-0.6209319454552973,0.0,0.0
고지·산간형,봄,풍속_km_h,FFMC,4968,0.057028526373177776,5.77397186585194e-05,6.371279300250417e-05
고지·산간형,봄,풍속_km_h,DMC,4968,-0.01597591873486537,0.2602350309529656,0.270569274059401
고지·산간형,봄,풍속_km_h,DC,4968,-0.06719317949678681,2.13494082786982e-06,2.4018084313535475e-06
고지·산간형,봄,풍속_km_h,ISI,4968,0.2895000410626299,1.588939452139232e-96,2.6000827398641975e-96
고지·산간형,봄,풍속_km_h,BUI,4968,-0.02978224249675003,0.03580719141797806,0.038479369882006266
고지·산간형,봄,풍속_km_h,FWI,4968,0.21884026318548291,6.180171778639595e-55,8.855171503722405e-55
고지·산간형,봄,강수량_mm,FFMC,4968,-0.7088195074854733,0.0,0.0
고지·산간형,봄,강수량_mm,DMC,4968,-0.3277759832767487,9.41538189083884e-125,1.7162215092161936e-124
고지·산간형,봄,강수량_mm,DC,4968,-0.14746945872653394,1.4838861178568892e-25,1.8993742308568182e-25
고지·산간형,봄,강수량_mm,ISI,4968,-0.6725366103603304,0.0,0.0
고지·산간형,봄,강수량_mm,BUI,4968,-0.298662242528638,6.702455182727432e-103,1.1288345570909359e-102
고지·산간형,봄,강수량_mm,FWI,4968,-0.6523347093906772,0.0,0.0
고지·산간형,여름,기온_C,FFMC,4968,0.5149932537534124,0.0,0.0
고지·산간형,여름,기온_C,DMC,4968,0.3299253469645946,1.8270999383621087e-126,3.3516228168680725e-126
고지·산간형,여름,기온_C,DC,4968,0.20363790032193688,1.179892911272896e-47,1.665731168855853e-47
고지·산간형,여름,기온_C,ISI,4968,0.4900909726475525,1.4291563451155666e-298,4.157545731245285e-298
고지·산간형,여름,기온_C,BUI,4968,0.3209773128084365,1.988558467469406e-119,3.579405241444931e-119
고지·산간형,여름,기온_C,FWI,4968,0.4696284062744782,4.908434565186793e-271,1.359258802667112e-270
고지·산간형,여름,습도_pct,FFMC,4968,-0.7671403800432437,0.0,0.0
고지·산간형,여름,습도_pct,DMC,4968,-0.5951871333989781,0.0,0.0
고지·산간형,여름,습도_pct,DC,4968,-0.3112664512148854,4.653984297644482e-112,8.172850473912261e-112
고지·산간형,여름,습도_pct,ISI,4968,-0.7559602413836725,0.0,0.0
고지·산간형,여름,습도_pct,BUI,4968,-0.552933939206434,0.0,0.0
고지·산간형,여름,습도_pct,FWI,4968,-0.7386344848409986,0.0,0.0
고지·산간형,여름,풍속_km_h,FFMC,4968,0.10513314576291885,1.0947211149256809e-13,1.3359308521126953e-13
고지·산간형,여름,풍속_km_h,DMC,4968,0.004366793365194518,0.758300531607856,0.7689808207854314
고지·산간형,여름,풍속_km_h,DC,4968,-0.08022142220951063,1.495892429175436e-08,1.7301888337450825e-08
고지·산간형,여름,풍속_km_h,ISI,4968,0.21966866987315684,2.387064607699924e-55,3.4373730350878904e-55
고지·산간형,여름,풍속_km_h,BUI,4968,-0.01371976691285412,0.33363064017924865,0.34316294418437004
고지·산간형,여름,풍속_km_h,FWI,4968,0.1567580102164828,1.0612579956309674e-28,1.3892831942805394e-28
고지·산간형,여름,강수량_mm,FFMC,4968,-0.811324605801082,0.0,0.0
고지·산간형,여름,강수량_mm,DMC,4968,-0.551845229679171,0.0,0.0
고지·산간형,여름,강수량_mm,DC,4968,-0.35078965552321906,8.139485567633562e-144,1.5946747234547387e-143
고지·산간형,여름,강수량_mm,ISI,4968,-0.8001634871606481,0.0,0.0
고지·산간형,여름,강수량_mm,BUI,4968,-0.5259618461969664,0.0,0.0
고지·산간형,여름,강수량_mm,FWI,4968,-0.7671458295227653,0.0,0.0
영동 해안형,가을,기온_C,FFMC,3822,-0.32914473837418035,2.9969306693056027e-97,4.932091615771506e-97
영동 해안형,가을,기온_C,DMC,3822,-0.5283737259633566,6.890886897173705e-274,1.945662182731399e-273
영동 해안형,가을,기온_C,DC,3822,-0.40199319039618203,1.992773538087928e-148,3.930950540885776e-148
영동 해안형,가을,기온_C,ISI,3822,-0.3477631666524008,4.414495392699153e-109,7.705301049074886e-109
영동 해안형,가을,기온_C,BUI,3822,-0.5067491552095026,1.6732312019189883e-248,4.341356632006023e-248
영동 해안형,가을,기온_C,FWI,3822,-0.42194151711662964,7.166636133535351e-165,1.4956458017812906e-164
영동 해안형,가을,습도_pct,FFMC,3822,-0.8044145815736258,0.0,0.0
영동 해안형,가을,습도_pct,DMC,3822,-0.6087678394215426,0.0,0.0
영동 해안형,가을,습도_pct,DC,3822,-0.4215829278731401,1.4483708441721163e-164,3.0009410296515792e-164
영동 해안형,가을,습도_pct,ISI,3822,-0.7935920321538115,0.0,0.0
영동 해안형,가을,습도_pct,BUI,3822,-0.570724453085549,0.0,0.0
영동 해안형,가을,습도_pct,FWI,3822,-0.7522495585943336,0.0,0.0
영동 해안형,가을,풍속_km_h,FFMC,3822,0.20701525383334377,2.881219460168659e-38,3.9141094553234614e-38
영동 해안형,가을,풍속_km_h,DMC,3822,0.21849383115244336,1.5583915312121268e-42,2.1681969129907852e-42
영동 해안형,가을,풍속_km_h,DC,3822,0.16457336800257058,1.300483789371707e-24,1.6499530014936193e-24
영동 해안형,가을,풍속_km_h,ISI,3822,0.39029900086623787,2.6842729790702036e-139,5.153804119814791e-139
영동 해안형,가을,풍속_km_h,BUI,3822,0.21360938642650543,1.09359865524594e-40,1.4997924414801465e-40
영동 해안형,가을,풍속_km_h,FWI,3822,0.34303681314945317,5.320942490962088e-106,9.067641641402848e-106
영동 해안형,가을,강수량_mm,FFMC,3822,-0.7539678537707671,0.0,0.0
영동 해안형,가을,강수량_mm,DMC,3822,-0.5679511674739657,0.0,0.0
영동 해안형,가을,강수량_mm,DC,3822,-0.44928357974357863,2.712565808045069e-189,6.055960873775037e-189
영동 해안형,가을,강수량_mm,ISI,3822,-0.7282162645842589,0.0,0.0
영동 해안형,가을,강수량_mm,BUI,3822,-0.5548725927726018,1.2840923657779202e-307,3.892827382568853e-307
영동 해안형,가을,강수량_mm,FWI,3822,-0.7097717040321992,0.0,0.0
영동 해안형,겨울,기온_C,FFMC,3801,-0.004108310938596345,0.8001102857513364,0.8085324992855609
영동 해안형,겨울,기온_C,DMC,3801,0.017053487074981145,0.2932050977399929,0.30375204370186315
영동 해안형,겨울,기온_C,DC,3801,-0.003149611941633466,0.8460840530873873,0.852000724787299
영동 해안형,겨울,기온_C,ISI,3801,-0.08441931671793215,1.8657899278142968e-07,2.107245094943206e-07
영동 해안형,겨울,기온_C,BUI,3801,-3.1827638388846626e-05,0.9984348705422909,0.9984348705422909
영동 해안형,겨울,기온_C,FWI,3801,-0.05018141798933691,0.0019699245500112684,0.002132850640613704
영동 해안형,겨울,습도_pct,FFMC,3801,-0.7284236581338588,0.0,0.0
영동 해안형,겨울,습도_pct,DMC,3801,-0.35376925846870705,1.8318617993569954e-112,3.256643198856881e-112
영동 해안형,겨울,습도_pct,DC,3801,-0.27788654458431167,2.3442376776180083e-68,3.553370795547297e-68
영동 해안형,겨울,습도_pct,ISI,3801,-0.6973789798405073,0.0,0.0
영동 해안형,겨울,습도_pct,BUI,3801,-0.34486776316556594,1.3101758538263883e-106,2.2594649455209566e-106
영동 해안형,겨울,습도_pct,FWI,3801,-0.5985228962684999,0.0,0.0
영동 해안형,겨울,풍속_km_h,FFMC,3801,0.15047935630575016,1.0840072799276232e-20,1.3632929983369236e-20
영동 해안형,겨울,풍속_km_h,DMC,3801,0.08486932046027283,1.6047254460411258e-07,1.8195312144088356e-07
영동 해안형,겨울,풍속_km_h,DC,3801,0.09572580387284503,3.352117974464928e-09,3.9244307993735746e-09
영동 해안형,겨울,풍속_km_h,ISI,3801,0.48016913952105544,1.6469574139839118e-218,4.0540490190373215e-218
영동 해안형,겨울,풍속_km_h,BUI,3801,0.08670152476177698,8.618824696219548e-08,9.928886050044919e-08
영동 해안형,겨울,풍속_km_h,FWI,3801,0.3287112766493856,1.8412045219892695e-96,2.9958582052706757e-96
영동 해안형,겨울,강수량_mm,FFMC,3801,-0.5339971222049965,2.8981318002456125e-279,8.263979786838976e-279
영동 해안형,겨울,강수량_mm,DMC,3801,-0.3029463786380153,1.6469487797357456e-81,2.606160706395026e-81
영동 해안형,겨울,강수량_mm,DC,3801,-0.3029546599507832,1.629711470757738e-81,2.5931320639681132e-81
영동 해안형,겨울,강수량_mm,ISI,3801,-0.4868518408667171,1.790403970246594e-225,4.4837942907045133e-225
영동 해안형,겨울,강수량_mm,BUI,3801,-0.30521144876537476,9.147603920540123e-83,1.4636166272864196e-82
영동 해안형,겨울,강수량_mm,FWI,3801,-0.4608976062493499,2.837107991533167e-199,6.642984565541075e-199
영동 해안형,봄,기온_C,FFMC,3864,0.41293300292931684,5.160783591057692e-159,1.0393745973598707e-158
영동 해안형,봄,기온_C,DMC,3864,0.44407819613073685,1.7853456587993607e-186,3.925034730795541e-186
영동 해안형,봄,기온_C,DC,3864,0.26268405494212727,5.3306346795121e-62,7.913519524224148e-62
영동 해안형,봄,기온_C,ISI,3864,0.38367337411423613,9.652770319742968e-136,1.8169920601869117e-135
영동 해안형,봄,기온_C,BUI,3864,0.4177233671138697,4.73223805185913e-163,9.734889706681638e-163
영동 해안형,봄,기온_C,FWI,3864,0.448375706308686,1.7039308706167917e-190,3.8338444588877814e-190
영동 해안형,봄,습도_pct,FFMC,3864,-0.6473235520483744,0.0,0.0
영동 해안형,봄,습도_pct,DMC,3864,-0.162978479942257,2.0686257477885832e-24,2.6130009445750527e-24
영동 해안형,봄,습도_pct,DC,3864,0.1103594119295107,6.033303574267307e-12,7.300804325163801e-12
영동 해안형,봄,습도_pct,ISI,3864,-0.6629643887156689,0.0,0.0
영동 해안형,봄,습도_pct,BUI,3864,-0.10120282171768419,2.8813006219699416e-10,3.4432140212752827e-10
영동 해안형,봄,습도_pct,FWI,3864,-0.556327772330411,0.0,0.0
영동 해안형,봄,풍속_km_h,FFMC,3864,0.21602781613066743,4.922759923791699e-42,6.783516067234495e-42
영동 해안형,봄,풍속_km_h,DMC,3864,0.0919785903155517,1.0175138188971081e-08,1.1864128738557374e-08
영동 해안형,봄,풍속_km_h,DC,3864,-0.0022352803501941403,0.8895270685504817,0.8926264660018771
영동 해안형,봄,풍속_km_h,ISI,3864,0.4038173746357177,1.6443627758320415e-151,3.288725551664083e-151
영동 해안형,봄,풍속_km_h,BUI,3864,0.06900728646676058,1.7603843089555523e-05,1.965080158834105e-05
영동 해안형,봄,풍속_km_h,FWI,3864,0.3505349100830652,4.1207555038038387e-112,7.280844080340525e-112
영동 해안형,봄,강수량_mm,FFMC,3864,-0.6518326320728046,0.0,0.0
영동 해안형,봄,강수량_mm,DMC,3864,-0.29621831149655486,4.168229883393865e-79,6.559837193537886e-79
영동 해안형,봄,강수량_mm,DC,3864,-0.18509395648644383,4.011279421694242e-31,5.299304924073127e-31
영동 해안형,봄,강수량_mm,ISI,3864,-0.6176661406076724,0.0,0.0
영동 해안형,봄,강수량_mm,BUI,3864,-0.28934308161430866,2.1031539092187122e-75,3.2740990586756164e-75
영동 해안형,봄,강수량_mm,FWI,3864,-0.6050665408154685,0.0,0.0
영동 해안형,여름,기온_C,FFMC,3864,0.3914279227626947,1.1076154861722403e-141,2.155359864983819e-141
영동 해안형,여름,기온_C,DMC,3864,0.0956766196812762,2.5361193836623904e-09,2.993452387273641e-09
영동 해안형,여름,기온_C,DC,3864,0.14425099370744507,2.0407136948377384e-19,2.544266424732765e-19
영동 해안형,여름,기온_C,ISI,3864,0.36738414863454194,8.887456917556743e-124,1.6098035171423535e-123
영동 해안형,여름,기온_C,BUI,3864,0.11059855946152267,5.42987250751077e-12,6.598326085076379e-12
영동 해안형,여름,기온_C,FWI,3864,0.29606051087722296,5.0827128296417585e-79,7.955550515961013e-79
영동 해안형,여름,습도_pct,FFMC,3864,-0.7208208604093373,0.0,0.0
영동 해안형,여름,습도_pct,DMC,3864,-0.5015532384331937,2.5696615453030684e-245,6.607701116493604e-245
영동 해안형,여름,습도_pct,DC,3864,-0.3337310738221098,3.6169616088090904e-101,6.021300250502995e-101
영동 해안형,여름,습도_pct,ISI,3864,-0.732334940390886,0.0,0.0
영동 해안형,여름,습도_pct,BUI,3864,-0.4707302563035214,2.301614859028173e-212,5.478223796695156e-212
영동 해안형,여름,습도_pct,FWI,3864,-0.6832199059642075,0.0,0.0
영동 해안형,여름,풍속_km_h,FFMC,3864,0.27522500736526023,4.054969263009836e-68,6.114299202862999e-68
영동 해안형,여름,풍속_km_h,DMC,3864,0.2775893052018991,2.6153570995839825e-69,4.006504492979718e-69
영동 해안형,여름,풍속_km_h,DC,3864,0.18915950833307266,1.8692601474720603e-32,2.4808613938799696e-32
영동 해안형,여름,풍속_km_h,ISI,3864,0.3853154689401148,5.496873178737149e-137,1.0484102486598006e-136
영동 해안형,여름,풍속_km_h,BUI,3864,0.2620209517492613,1.0995657527890348e-61,1.6239740348884206e-61
영동 해안형,여름,풍속_km_h,FWI,3864,0.3611136010717406,2.3615944996008432e-119,4.224467179410204e-119
영동 해안형,여름,강수량_mm,FFMC,3864,-0.7847999438353067,0.0,0.0
영동 해안형,여름,강수량_mm,DMC,3864,-0.539271755601103,1.5640474935424597e-290,4.504456781402284e-290
영동 해안형,여름,강수량_mm,DC,3864,-0.4165441223164703,4.732947650111561e-162,9.667297327887443e-162
영동 해안형,여름,강수량_mm,ISI,3864,-0.7694828594241054,0.0,0.0
영동 해안형,여름,강수량_mm,BUI,3864,-0.5246363560450016,2.627593648790206e-272,7.347057969432808e-272
영동 해안형,여름,강수량_mm,FWI,3864,-0.7305404918929839,0.0,0.0
영서 내륙형,가을,기온_C,FFMC,8008,0.011059995603601415,0.3223665714498768,0.3327654931095502
영서 내륙형,가을,기온_C,DMC,8008,-0.1431133068645286,6.542390533373997e-38,8.846049171885967e-38
영서 내륙형,가을,기온_C,DC,8008,-0.3682061048662441,1.2640361189202512e-255,3.4022654415797418e-255
영서 내륙형,가을,기온_C,ISI,8008,0.006211333871149271,0.578378425775851,0.5885971258778978
영서 내륙형,가을,기온_C,BUI,8008,-0.18074790140129984,8.856417431462055e-60,1.301351132786261e-59
영서 내륙형,가을,기온_C,FWI,8008,-0.05939905284903053,1.0414684985377022e-07,1.1902497126145167e-07
영서 내륙형,가을,습도_pct,FFMC,8008,-0.7052803649748881,0.0,0.0
영서 내륙형,가을,습도_pct,DMC,8008,-0.5023138146213351,0.0,0.0
영서 내륙형,가을,습도_pct,DC,8008,-0.3090527828447952,8.64970318224791e-177,1.8590406839458196e-176
영서 내륙형,가을,습도_pct,ISI,8008,-0.716523139056598,0.0,0.0
영서 내륙형,가을,습도_pct,BUI,8008,-0.48892749913033895,0.0,0.0
영서 내륙형,가을,습도_pct,FWI,8008,-0.676503975567893,0.0,0.0
영서 내륙형,가을,풍속_km_h,FFMC,8008,0.06861938970911743,7.903179864550613e-10,9.405437194175937e-10
영서 내륙형,가을,풍속_km_h,DMC,8008,0.027705183023868,0.013162043062062574,0.014197259932112438
영서 내륙형,가을,풍속_km_h,DC,8008,-0.12224687560939952,4.819647645340637e-28,6.280807791213138e-28
영서 내륙형,가을,풍속_km_h,ISI,8008,0.26925544219767183,4.784124147872707e-133,8.946933471346361e-133
영서 내륙형,가을,풍속_km_h,BUI,8008,0.01999929941132107,0.07352057421705284,0.07813256595760597
영서 내륙형,가을,풍속_km_h,FWI,8008,0.16201653580387093,3.126380782446843e-48,4.435456479530496e-48
영서 내륙형,가을,강수량_mm,FFMC,8008,-0.6617151507218734,0.0,0.0
영서 내륙형,가을,강수량_mm,DMC,8008,-0.4441875596749074,0.0,0.0
영서 내륙형,가을,강수량_mm,DC,8008,-0.3524484321853589,6.459854900883815e-233,1.6319633433811745e-232
영서 내륙형,가을,강수량_mm,ISI,8008,-0.6373289093332881,0.0,0.0
영서 내륙형,가을,강수량_mm,BUI,8008,-0.439367052580104,0.0,0.0
영서 내륙형,가을,강수량_mm,FWI,8008,-0.6276719464077857,0.0,0.0
영서 내륙형,겨울,기온_C,FFMC,7964,0.14874553391511783,1.24213785711662e-40,1.6954298713250547e-40
영서 내륙형,겨울,기온_C,DMC,7964,-0.007766307614439269,0.48832421887322036,0.49871409587052296
영서 내륙형,겨울,기온_C,DC,7964,-0.07392445424986893,3.972133152174537e-11,4.786503547390237e-11
영서 내륙형,겨울,기온_C,ISI,7964,0.06354096188281674,1.3842978562420382e-08,1.607571704023012e-08
영서 내륙형,겨울,기온_C,BUI,7964,-0.02347954736785509,0.036143977827045766,0.03869689819401182
영서 내륙형,겨울,기온_C,FWI,7964,0.015976514160774696,0.1539748215346266,0.16184214818238127
영서 내륙형,겨울,습도_pct,FFMC,7964,-0.5060271211739291,0.0,0.0
영서 내륙형,겨울,습도_pct,DMC,7964,-0.3160277117920794,3.4166083160327e-184,7.454418144071347e-184
영서 내륙형,겨울,습도_pct,DC,7964,-0.1945716895351216,8.626867539351069e-69,1.3145702917106391e-68
영서 내륙형,겨울,습도_pct,ISI,7964,-0.5369795502602833,0.0,0.0
영서 내륙형,겨울,습도_pct,BUI,7964,-0.3003389535026235,1.0724725361189718e-165,2.2545408058559407e-165
영서 내륙형,겨울,습도_pct,FWI,7964,-0.49586859216798385,0.0,0.0
영서 내륙형,겨울,풍속_km_h,FFMC,7964,0.04728665504944578,2.4255372857712283e-05,2.6867489934696683e-05
영서 내륙형,겨울,풍속_km_h,DMC,7964,0.044279237796023864,7.722495902420402e-05,8.456573459684699e-05
영서 내륙형,겨울,풍속_km_h,DC,7964,0.015813268133437305,0.15822619772922542,0.1657059816218797
영서 내륙형,겨울,풍속_km_h,ISI,7964,0.3670206606917876,1.7326067770999542e-252,4.577896805548503e-252
영서 내륙형,겨울,풍속_km_h,BUI,7964,0.0513695056353726,4.505501088374279e-06,5.0489662002015266e-06
영서 내륙형,겨울,풍속_km_h,FWI,7964,0.26762612016582127,1.0777831735748733e-130,2.00259067090041e-130
영서 내륙형,겨울,강수량_mm,FFMC,7964,-0.4649216157274249,0.0,0.0
영서 내륙형,겨울,강수량_mm,DMC,7964,-0.1747539539194879,1.2152557220356422e-55,1.7676446865972976e-55
영서 내륙형,겨울,강수량_mm,DC,7964,-0.13779187093621909,4.648935252127009e-35,6.227410942384086e-35
영서 내륙형,겨울,강수량_mm,ISI,7964,-0.4074965467765555,0.0,0.0
영서 내륙형,겨울,강수량_mm,BUI,7964,-0.17433985201970825,2.2053520569588557e-55,3.1916652884630676e-55
영서 내륙형,겨울,강수량_mm,FWI,7964,-0.36105452184730474,8.004371384346372e-244,2.0400521758334118e-243
영서 내륙형,봄,기온_C,FFMC,8096,0.3697298480012909,1.0613561032547163e-260,2.88368450695621e-260
영서 내륙형,봄,기온_C,DMC,8096,0.4808110288043646,0.0,0.0
영서 내륙형,봄,기온_C,DC,8096,0.3970311751945288,7.097470922367121e-304,2.1292412767101365e-303
영서 내륙형,봄,기온_C,ISI,8096,0.33953409499787796,1.3584639033229467e-217,3.3155729165848193e-217
영서 내륙형,봄,기온_C,BUI,8096,0.49438008778367737,0.0,0.0
영서 내륙형,봄,기온_C,FWI,8096,0.4162142054351675,0.0,0.0
영서 내륙형,봄,습도_pct,FFMC,8096,-0.7588693778420921,0.0,0.0
영서 내륙형,봄,습도_pct,DMC,8096,-0.4708705258518847,0.0,0.0
영서 내륙형,봄,습도_pct,DC,8096,-0.07217931939971628,7.92520490550518e-11,9.510245886606216e-11
영서 내륙형,봄,습도_pct,ISI,8096,-0.7696771822081286,0.0,0.0
영서 내륙형,봄,습도_pct,BUI,8096,-0.4196447749670797,0.0,0.0
영서 내륙형,봄,습도_pct,FWI,8096,-0.728552595121208,0.0,0.0
영서 내륙형,봄,풍속_km_h,FFMC,8096,0.09850663101785613,6.470094492908307e-19,8.031841439472381e-19
영서 내륙형,봄,풍속_km_h,DMC,8096,0.12788080170535981,7.202964815938533e-31,9.472392086713687e-31
영서 내륙형,봄,풍속_km_h,DC,8096,-0.016406733841191682,0.1399136113747505,0.14760117243929724
영서 내륙형,봄,풍속_km_h,ISI,8096,0.27569490236300614,3.6866091477347854e-141,7.125794862735692e-141
영서 내륙형,봄,풍속_km_h,BUI,8096,0.11731650496566824,3.286408056143278e-26,4.2443296868576863e-26
영서 내륙형,봄,풍속_km_h,FWI,8096,0.239777680011663,3.1350761825040233e-106,5.37441631286404e-106
영서 내륙형,봄,강수량_mm,FFMC,8096,-0.6668305714687148,0.0,0.0
영서 내륙형,봄,강수량_mm,DMC,8096,-0.2935822518881956,1.1544237393524314e-160,2.3413664572781706e-160
영서 내륙형,봄,강수량_mm,DC,8096,-0.1321084800319767,7.559844524804626e-33,1.00797926997395e-32
영서 내륙형,봄,강수량_mm,ISI,8096,-0.6466773582496684,0.0,0.0
영서 내륙형,봄,강수량_mm,BUI,8096,-0.2713632198303118,1.1891826023049788e-136,2.2531880885778548e-136
영서 내륙형,봄,강수량_mm,FWI,8096,-0.6165069447325335,0.0,0.0
영서 내륙형,여름,기온_C,FFMC,8096,0.5230404531026289,0.0,0.0
영서 내륙형,여름,기온_C,DMC,8096,0.3416217866460311,2.0094087814108797e-220,4.988876974537356e-220
영서 내륙형,여름,기온_C,DC,8096,0.039243753749400166,0.00041261517193313225,0.00045012564210887156
영서 내륙형,여름,기온_C,ISI,8096,0.5077811341388432,0.0,0.0
영서 내륙형,여름,기온_C,BUI,8096,0.3189801292522613,7.005899210987516e-191,1.5887393486333895e-190
영서 내륙형,여름,기온_C,FWI,8096,0.4840163482025341,0.0,0.0
영서 내륙형,여름,습도_pct,FFMC,8096,-0.7869191551653,0.0,0.0
영서 내륙형,여름,습도_pct,DMC,8096,-0.6427854023786875,0.0,0.0
영서 내륙형,여름,습도_pct,DC,8096,-0.2428902819230548,4.862295913304318e-109,8.435790500190625e-109
영서 내륙형,여름,습도_pct,ISI,8096,-0.784333709492903,0.0,0.0
영서 내륙형,여름,습도_pct,BUI,8096,-0.5940772498224918,0.0,0.0
영서 내륙형,여름,습도_pct,FWI,8096,-0.7725472737116962,0.0,0.0
영서 내륙형,여름,풍속_km_h,FFMC,8096,0.1587239213606213,7.913585307105507e-47,1.1117622285104322e-46
영서 내륙형,여름,풍속_km_h,DMC,8096,0.1185379168728172,9.973343410811474e-27,1.2938391451863534e-26
영서 내륙형,여름,풍속_km_h,DC,8096,-0.05822900861653969,1.5802396933385304e-07,1.798849927594849e-07
영서 내륙형,여름,풍속_km_h,ISI,8096,0.26272060380530227,6.6870982493728e-128,1.2345412152688247e-127
영서 내륙형,여름,풍속_km_h,BUI,8096,0.10233273640795772,2.693964907973976e-20,3.3733125804195875e-20
영서 내륙형,여름,풍속_km_h,FWI,8096,0.22192191302648276,6.859585552923622e-91,1.1036651615877113e-90
영서 내륙형,여름,강수량_mm,FFMC,8096,-0.7505971064877545,0.0,0.0
영서 내륙형,여름,강수량_mm,DMC,8096,-0.4879152035213447,0.0,0.0
영서 내륙형,여름,강수량_mm,DC,8096,-0.3241924058604157,1.8476282469268712e-197,4.2912656057656364e-197
영서 내륙형,여름,강수량_mm,ISI,8096,-0.7404278193702265,0.0,0.0
영서 내륙형,여름,강수량_mm,BUI,8096,-0.47137455231061653,0.0,0.0
영서 내륙형,여름,강수량_mm,FWI,8096,-0.7106560999420148,0.0,0.0
