메타데이터,그룹,n,score_n,비중_pct,요인점수,평균,중앙값,표준편차,최소,최대,전체평균,평균차,평균차_sd,전체중앙값,중앙값차,중앙값차_sd,abs_평균차_sd,판정
L2_NAME,활엽수림,170,170,6.367041198501873,생활권접점_score,-1.4150988990458837,-1.290386360608496,0.944841495772846,-3.1173343224944197,0.46643190302819176,0.0,-1.4150988990458837,-1.4896447214498778,0.2626361970861386,-1.5530225576946346,-1.6348340436998592,1.4896447214498778,낮음
L2_NAME,침엽수림,217,217,8.127340823970037,생활권접점_score,-1.3556700537861053,-1.4289729845681645,0.6828743339147748,-3.4153378903179794,0.7536360829879521,0.0,-1.3556700537861053,-1.427085231294964,0.2626361970861386,-1.691609181654303,-1.7807212555295573,1.427085231294964,낮음
L1_NAME,산림지역,437,437,16.367041198501873,생활권접점_score,-1.3050782908610457,-1.3064313655164463,0.8493828770749708,-3.4153378903179794,0.7536360829879521,0.0,-1.3050782908610457,-1.3738283510578497,0.2626361970861386,-1.569067562602585,-1.6517242814654887,1.3738283510578497,낮음
L2_NAME,자연나지,11,11,0.41198501872659177,산지접근성_score,1.0720562462240242,0.5477808714738311,1.4305380631847047,-0.5819474909218215,3.2921957243618585,-3.1934504977982034e-17,1.0720562462240242,1.3076122609802705,-0.13578513427763134,0.6835660057514625,0.8337615619126197,1.3076122609802705,높음
기후지형_번지유형,영서 내륙형 / 임야번지(산),267,267,10.0,생활권접점_score,-1.0614981305732745,-1.0368700988177069,1.1250459843619411,-3.4153378903179794,1.0027218762768177,0.0,-1.0614981305732745,-1.117416661198406,0.2626361970861386,-1.2995062959038455,-1.3679628296575186,1.117416661198406,낮음
기후지형_번지유형,고지·산간형 / 임야번지(산),205,205,7.677902621722846,산지접근성_score,0.8779979111150219,0.6856162171667979,0.8861606397854358,0.012707943855875911,3.4686124112424523,-3.1934504977982034e-17,0.8779979111150219,1.0709147376668122,-0.13578513427763134,0.8214013514444292,1.0018825804313758,1.0709147376668122,높음
기후지형_번지유형,고지·산간형 / 임야번지(산),205,205,7.677902621722846,생활권접점_score,-0.993389022311434,-0.9353762538883862,0.7356405229987063,-2.7886515659018167,0.887907337934056,0.0,-0.993389022311434,-1.045719641524858,0.2626361970861386,-1.1980124509745247,-1.2611224028431431,1.045719641524858,낮음
addr_type,임야번지(산),699,699,26.179775280898877,생활권접점_score,-0.8940800065369134,-0.9353762538883862,0.9595129885356013,-3.4153378903179794,1.0027218762768177,0.0,-0.8940800065369134,-0.9411791382140002,0.2626361970861386,-1.1980124509745247,-1.2611224028431431,0.9411791382140002,낮음
기후지형유형,고지·산간형,563,563,21.08614232209738,산지접근성_score,0.7657895972225143,0.6683133166807071,0.7450800976252718,-0.5762391693795911,4.497850542395713,-3.1934504977982034e-17,0.7657895972225143,0.9340516136035388,-0.13578513427763134,0.8040984509583384,0.9807778250551307,0.9340516136035388,높음
L2_NAME,도로,847,847,31.722846441947567,생활권접점_score,0.87186174343574,0.8921759248030698,0.17846250428408683,0.2836209761403043,1.4940231235037063,0.0,0.87186174343574,0.9177904419392995,0.2626361970861386,0.6295397277169312,0.6627031742932001,0.9177904419392995,높음
L2_NAME,문화·체육·휴양지역,53,53,1.9850187265917603,강풍_score,-0.8619186279591645,-0.8527450506285792,0.30376780047693225,-1.5179527820401266,0.16041437013469792,1.0644834992660677e-17,-0.8619186279591645,-0.9125286513019802,-0.09702517976127435,-0.7557198708673049,-0.8000941297179165,0.9125286513019802,낮음
기후지형_번지유형,영동 해안형 / 임야번지(산),227,227,8.50187265917603,강풍_score,0.8129688377057639,0.8080169772706036,0.6637421830916573,-1.1347709630867042,3.6390256006669266,1.0644834992660677e-17,0.8129688377057639,0.8607046337758539,-0.09702517976127435,0.905042157031878,0.9581843020184296,0.8607046337758539,높음
L2_NAME,혼효림,50,50,1.8726591760299627,산지접근성_score,0.7054812756242238,0.5751046578415009,0.7446334195728941,-0.9157516957736747,3.2970278367493377,-3.1934504977982034e-17,0.7054812756242238,0.8604921328964167,-0.13578513427763134,0.7108897921191322,0.8670890278889751,0.8604921328964167,높음
기후지형_번지유형,고지·산간형 / 일반번지,358,358,13.408239700374533,산지접근성_score,0.7015362331220559,0.6268664120966125,0.6432906721499214,-0.5762391693795911,4.497850542395713,-3.1934504977982034e-17,0.7015362331220559,0.8556802716119996,-0.13578513427763134,0.7626515463742438,0.9302240590519649,0.8556802716119996,높음
L1_NAME,시가화건조지역,1129,1129,42.28464419475655,생활권접점_score,0.782697363567062,0.8530355926836621,0.25427807806073033,-0.2534503407187855,1.4940231235037063,0.0,0.782697363567062,0.8239289825725494,0.2626361970861386,0.5903993955975235,0.6215009733892334,0.8239289825725494,높음
L2_NAME,자연나지,11,11,0.41198501872659177,선행건조_score,-0.7863535490072194,-0.8855661950996072,1.379667422609195,-2.871545278059205,1.4386986339551184,-3.1934504977982034e-17,-0.7863535490072194,-0.8015056763386134,0.09018719614625645,-0.9757533912458637,-0.994555035425969,0.8015056763386134,낮음
산불위험계절,기타계절,678,678,25.39325842696629,강풍_score,-0.7464931727272817,-0.8496014908081478,0.5304600107382746,-1.6227638901408512,3.1557469867513053,1.0644834992660677e-17,-0.7464931727272817,-0.7903256595438564,-0.09702517976127435,-0.7525763110468735,-0.79676598677011,0.7903256595438564,낮음
L2_NAME,혼효림,50,50,1.8726591760299627,생활권접점_score,-0.7114399719378374,-0.5416800508558713,0.9337667136108087,-2.8074298278873067,0.3118438990318001,0.0,-0.7114399719378374,-0.7489178314958788,0.2626361970861386,-0.80431624794201,-0.8466867255221695,0.7489178314958788,낮음
L2_NAME,과수원,12,12,0.44943820224719105,선행건조_score,0.7298603277663848,1.4056474988585796,1.3152658067838627,-3.0599575895854794,1.4063509845502324,-3.1934504977982034e-17,0.7298603277663848,0.7439238957815748,0.09018719614625645,1.3154603027123233,1.3408077078728335,0.7439238957815748,높음
L2_NAME,혼효림,50,50,1.8726591760299627,강풍_score,-0.6739295223382468,-1.0205624567103808,0.9998369224528503,-1.602148873563018,1.9552137746831895,1.0644834992660677e-17,-0.6739295223382468,-0.7135012263838022,-0.09702517976127435,-0.9235372769491065,-0.9777654159267097,0.7135012263838022,낮음
기후지형_번지유형,영동 해안형 / 임야번지(산),227,227,8.50187265917603,선행건조_score,0.6860020398751832,1.1418973843370925,0.9988009887541329,-3.4182948455370052,1.5816226633694699,-3.1934504977982034e-17,0.6860020398751832,0.6992205091895364,0.09018719614625645,1.0517101881908362,1.0719754323768778,0.6992205091895364,높음
기후지형_번지유형,고지·산간형 / 임야번지(산),205,205,7.677902621722846,선행건조_score,-0.6444323566321062,-0.49386324679381577,1.1389634664818529,-3.091787576476493,1.5036630869939005,-3.1934504977982034e-17,-0.6444323566321062,-0.6568498260216546,0.09018719614625645,-0.5840504429400722,-0.595304422388067,0.6568498260216546,낮음
L1_NAME,미분류,46,46,1.7228464419475655,산지접근성_score,-0.5353776335852833,-0.5946605831972414,0.767401294816183,-1.544114268105195,1.5763700481379415,-3.1934504977982034e-17,-0.5353776335852833,-0.6530127130889628,-0.13578513427763134,-0.45887544891961,-0.5597011960739243,0.6530127130889628,낮음
L2_NAME,미분류,46,46,1.7228464419475655,산지접근성_score,-0.5353776335852833,-0.5946605831972414,0.767401294816183,-1.544114268105195,1.5763700481379415,-3.1934504977982034e-17,-0.5353776335852833,-0.6530127130889628,-0.13578513427763134,-0.45887544891961,-0.5597011960739243,0.6530127130889628,낮음
기후지형_번지유형,영동 해안형 / 일반번지,746,746,27.94007490636704,산지접근성_score,-0.532718517215929,-0.6610231715647773,0.496592701470843,-1.385467000726593,2.907617575058715,-3.1934504977982034e-17,-0.532718517215929,-0.6497693262049369,-0.13578513427763134,-0.5252380372871459,-0.6406452085969792,0.6497693262049369,낮음
기후지형_번지유형,영동 해안형 / 임야번지(산),227,227,8.50187265917603,생활권접점_score,-0.607476538028168,-0.6260864494210497,0.8606204291910228,-3.1173343224944197,0.9659839677718693,0.0,-0.607476538028168,-0.6394777205242987,0.2626361970861386,-0.8887226465071884,-0.935539558468325,0.6394777205242987,낮음
L2_NAME,활엽수림,170,170,6.367041198501873,산지접근성_score,0.5217978256542418,0.4532072416683214,0.9490531695164768,-1.0230112515205256,3.431029342885773,-3.1934504977982034e-17,0.5217978256542418,0.6364491014175315,-0.13578513427763134,0.5889923759459528,0.7184078775003826,0.6364491014175315,높음
L2_NAME,과수원,12,12,0.44943820224719105,강풍_score,0.6002617107554976,0.7557927493973609,0.43326653103649576,-0.30109624972151067,0.8961684518102868,1.0644834992660677e-17,0.6002617107554976,0.6355077980399385,-0.09702517976127435,0.8528179291586352,0.9028935788798699,0.6355077980399385,높음
기후지형_번지유형,영서 내륙형 / 임야번지(산),267,267,10.0,산지접근성_score,0.5210141913972344,0.4031911862857059,0.8056548973132823,-1.0230112515205256,3.490896821161089,-3.1934504977982034e-17,0.5210141913972344,0.6354932842519712,-0.13578513427763134,0.5389763205633372,0.6574021163805415,0.6354932842519712,높음
기후권역,영동,973,973,36.44194756554307,강풍_score,0.5779152050452392,0.7351026434068552,0.7625250680100394,-1.2929956106624876,3.6390256006669266,1.0644834992660677e-17,0.5779152050452392,0.6118491531799504,-0.09702517976127435,0.8321278231681295,0.8809885939980421,0.6118491531799504,높음
기후지형유형,영동 해안형,973,973,36.44194756554307,강풍_score,0.5779152050452392,0.7351026434068552,0.7625250680100394,-1.2929956106624876,3.6390256006669266,1.0644834992660677e-17,0.5779152050452392,0.6118491531799504,-0.09702517976127435,0.8321278231681295,0.8809885939980421,0.6118491531799504,높음
L1_NAME,산림지역,437,437,16.367041198501873,산지접근성_score,0.49744647395305536,0.572260725918437,0.8653466807160854,-1.0650622784353425,3.431029342885773,-3.1934504977982034e-17,0.4974464739530554,0.6067471840339355,-0.13578513427763134,0.7080458601960684,0.8636202171198671,0.6067471840339355,높음
L2_NAME,자연초지,10,10,0.37453183520599254,생활권접점_score,-0.5551180617481204,-0.20534948736001335,1.0773643508252169,-2.3847301102969096,0.8803645931237524,0.0,-0.5551180617481204,-0.5843610584547294,0.2626361970861386,-0.46798568444615196,-0.492638645270202,0.5843610584547294,낮음
산불위험계절,기타계절,678,678,25.39325842696629,선행건조_score,-0.5663683876294874,-0.32160702657186596,0.7525476995626778,-3.6186219353351112,0.9068733526458285,-3.1934504977982034e-17,-0.5663683876294874,-0.5772816542341498,0.09018719614625645,-0.4117942227181224,-0.41972902317121996,0.5772816542341498,낮음
L2_NAME,밭,203,203,7.602996254681647,생활권접점_score,-0.5460763264709226,-0.48529281476514774,0.5442384011192561,-1.8892298263154605,0.756720867549159,0.0,-0.5460763264709226,-0.5748430147070408,0.2626361970861386,-0.7479290118512864,-0.7873290730949585,0.5748430147070408,낮음
L2_NAME,상업지역,145,145,5.430711610486892,생활권접점_score,0.5459089372943126,0.5275874952076145,0.2528760606731313,-0.2534503407187855,1.0647860828667823,0.0,0.5459089372943126,0.5746668076564005,0.2626361970861386,0.2649512981214759,0.2789086352579744,0.5746668076564005,높음
기후권역,영동,973,973,36.44194756554307,산지접근성_score,-0.46088730842335857,-0.6306906730431916,0.5430383474946481,-1.544114268105195,2.907617575058715,-3.1934504977982034e-17,-0.4608873084233585,-0.5621551085097104,-0.13578513427763134,-0.49490553876556026,-0.6036479455217515,0.5621551085097104,낮음
기후지형유형,영동 해안형,973,973,36.44194756554307,산지접근성_score,-0.46088730842335857,-0.6306906730431916,0.5430383474946481,-1.544114268105195,2.907617575058715,-3.1934504977982034e-17,-0.4608873084233585,-0.5621551085097104,-0.13578513427763134,-0.49490553876556026,-0.6036479455217515,0.5621551085097104,낮음
L2_NAME,주거지역,50,50,1.8726591760299627,생활권접점_score,0.5135421352233894,0.537049970146755,0.25063377251958996,0.03600102869828378,0.9742602097909078,0.0,0.5135421352233894,0.5405949587646574,0.2626361970861386,0.27441377306061643,0.28886958276096963,0.5405949587646574,높음
기후지형_번지유형,영동 해안형 / 일반번지,746,746,27.94007490636704,강풍_score,0.5063908422919696,0.6817422669698495,0.7765357291908749,-1.2929956106624876,3.3387541683609117,1.0644834992660677e-17,0.5063908422919696,0.5361250324088108,-0.09702517976127435,0.7787674467311239,0.8244950100754845,0.5361250324088108,높음
L2_NAME,침엽수림,217,217,8.127340823970037,산지접근성_score,0.4304350920509349,0.5712921584310868,0.8161006513699643,-1.0650622784353425,3.3658686246358127,-3.1934504977982034e-17,0.43043509205093494,0.5250118227512837,-0.13578513427763134,0.7070772927087181,0.8624388325362625,0.5250118227512837,높음
L2_NAME,자연나지,11,11,0.41198501872659177,생활권접점_score,-0.480355809891307,-0.33678381354055514,0.6533711282536068,-2.2316158785624225,0.15015603521500384,0.0,-0.480355809891307,-0.505660415045779,0.2626361970861386,-0.5994200106266938,-0.6309967842979233,0.505660415045779,낮음
발생시간대구분,야간(0~5시),26,26,0.9737827715355805,강풍_score,0.47182899030699865,0.9682819983931289,1.0946579069455762,-1.2929956106624876,2.7439500500047,1.0644834992660677e-17,0.47182899030699865,0.49953378219645495,-0.09702517976127435,1.0653071781544032,1.1278597433325372,0.49953378219645495,높음
L2_NAME,공공시설지역,33,33,1.2359550561797752,생활권접점_score,0.47172077656348904,0.46829135842956665,0.18878988917649933,0.23575854370397445,0.8777460996310898,0.0,0.47172077656348904,0.49657049784988505,0.2626361970861386,0.20565516134342804,0.2164888445187231,0.49657049784988505,높음
기후지형_번지유형,고지·산간형 / 임야번지(산),205,205,7.677902621722846,강풍_score,-0.4638265463776081,-0.9327493942271686,0.9087671255542857,-1.5483352883019297,2.546688398164611,1.0644834992660677e-17,-0.4638265463776081,-0.4910614518289154,-0.09702517976127435,-0.8357242144658943,-0.8847961577216318,0.4910614518289154,낮음
L1_NAME,미분류,46,46,1.7228464419475655,강풍_score,0.460388441842344,0.6489432749851318,1.075265436538439,-1.1538744890231976,2.2582742929000927,1.0644834992660677e-17,0.460388441842344,0.4874214691288914,-0.09702517976127435,0.7459684547464062,0.7897701312423786,0.4874214691288914,높음
L2_NAME,미분류,46,46,1.7228464419475655,강풍_score,0.460388441842344,0.6489432749851318,1.075265436538439,-1.1538744890231976,2.2582742929000927,1.0644834992660677e-17,0.460388441842344,0.4874214691288914,-0.09702517976127435,0.7459684547464062,0.7897701312423786,0.4874214691288914,높음
L1_NAME,농업지역,250,250,9.363295880149813,생활권접점_score,-0.4621055840586863,-0.3480737700126796,0.5493776173516522,-1.8892298263154605,0.756720867549159,0.0,-0.4621055840586863,-0.48644878779120215,0.2626361970861386,-0.6107099670988182,-0.6428814830108106,0.48644878779120215,낮음
L2_NAME,문화·체육·휴양지역,53,53,1.9850187265917603,생활권접점_score,0.45443753614465754,0.5148305191096082,0.3152892996994262,-0.19764823124640749,0.9116057078723052,0.0,0.45443753614465754,0.478376795715836,0.2626361970861386,0.2521943220234696,0.26547963597116114,0.478376795715836,높음
addr_type,임야번지(산),699,699,26.179775280898877,산지접근성_score,0.3834978878809675,0.20120764459325305,0.894465648720297,-1.544114268105195,3.490896821161089,-3.1934504977982034e-17,0.38349788788096756,0.46776140899271473,-0.13578513427763134,0.3369927788708844,0.4110380318807443,0.46776140899271473,높음
기후지형_번지유형,영동 해안형 / 일반번지,746,746,27.94007490636704,생활권접점_score,0.44127963721969377,0.7282098996933583,0.6679873427678196,-2.3847301102969096,1.4347886286817508,0.0,0.44127963721969377,0.46452575343733604,0.2626361970861386,0.46557370260721964,0.49009960293399424,0.46452575343733604,높음
L2_NAME,문화·체육·휴양지역,53,53,1.9850187265917603,산지접근성_score,-0.3664042352080253,-0.27558736431827796,0.3982836363084151,-1.3326437612451725,1.6107630897164262,-3.1934504977982034e-17,-0.36640423520802523,-0.4469118781040091,-0.13578513427763134,-0.13980223004064662,-0.1705200736970784,0.4469118781040091,낮음
기후지형_번지유형,영서 내륙형 / 일반번지,867,867,32.47191011235955,강풍_score,-0.41717673387950116,-0.5081189943547487,0.7735419206994321,-1.8801823148768573,3.9788045654035886,1.0644834992660677e-17,-0.41717673387950116,-0.44167246184597164,-0.09702517976127435,-0.4110938145934744,-0.43523236651446684,0.44167246184597164,낮음
기후지형유형,영서 내륙형,1134,1134,42.47191011235955,강풍_score,-0.4086331789865179,-0.48065137629456733,0.7570837273070133,-1.8801823148768573,3.9788045654035886,1.0644834992660677e-17,-0.4086331789865179,-0.4326272476332585,-0.09702517976127435,-0.383626196533293,-0.4061519085108109,0.4326272476332585,낮음
L2_NAME,자연나지,11,11,0.41198501872659177,강풍_score,0.3826960873873961,0.890832846323675,0.7765710253544821,-0.7495495039785949,1.3766458416276341,1.0644834992660677e-17,0.3826960873873961,0.4051671853398097,-0.09702517976127435,0.9878580260849493,1.0458629422542698,0.4051671853398097,높음
기후지형_번지유형,영서 내륙형 / 임야번지(산),267,267,10.0,강풍_score,-0.38089062433402154,-0.41415286032083587,0.7016453691387321,-1.8752294866557995,2.0359940754882575,1.0644834992660677e-17,-0.38089062433402154,-0.4032557093470325,-0.09702517976127435,-0.31712768055956153,-0.33574874152186485,0.4032557093470325,낮음
기후지형유형,고지·산간형,563,563,21.08614232209738,생활권접점_score,-0.3651431772439982,-0.42628415024286476,0.8830985675296379,-2.7886515659018167,1.2420804240107923,0.0,-0.3651431772439982,-0.38437851016752317,0.2626361970861386,-0.6889203473290033,-0.725211898327391,0.38437851016752317,낮음
발생시간대구분,야간(0~5시),26,26,0.9737827715355805,생활권접점_score,-0.35607460440781075,-0.31135133620940253,1.0162540058412681,-2.577673434860466,1.173140230464065,0.0,-0.35607460440781075,-0.3748322150883463,0.2626361970861386,-0.5739875332955411,-0.604224552593631,0.3748322150883463,낮음
기후지형_번지유형,영서 내륙형 / 일반번지,867,867,32.47191011235955,생활권접점_score,0.343365829778475,0.56583109298361,0.701865041106234,-2.8842366052307087,1.4940231235037063,0.0,0.343365829778475,0.361453956469496,0.2626361970861386,0.3031948958974714,0.31916686285936324,0.361453956469496,높음
기후권역,영서,1697,1697,63.558052434456926,강풍_score,-0.33135621361757084,-0.5061952528481591,0.8770862975190489,-1.8801823148768573,4.559097189271202,1.0644834992660677e-17,-0.33135621361757084,-0.3508127436912738,-0.09702517976127435,-0.4091700730868848,-0.4331956670099923,0.3508127436912738,낮음
L2_NAME,활엽수림,170,170,6.367041198501873,선행건조_score,0.34045250768918195,0.5098666634543811,0.924320892572768,-2.6278405269966667,1.5562164624854748,-3.1934504977982034e-17,0.340452507689182,0.3470126354501765,0.09018719614625645,0.41967946730812467,0.4277662073438918,0.3470126354501765,높음
발생시간대구분,야간(0~5시),26,26,0.9737827715355805,강수부족_score,-0.3300097456708378,0.07247843791648759,1.7661483027477958,-8.893417869190454,0.27955558632606176,3.1934504977982034e-17,-0.33000974567083785,-0.33821499263494,0.14032611471253795,-0.06784767679605036,-0.06953461771629656,0.33821499263494,낮음
addr_type,일반번지,1971,1971,73.82022471910112,생활권접점_score,0.3170786020138521,0.5734718570063135,0.7156707601826718,-2.8842366052307087,1.4940231235037063,0.0,0.3170786020138521,0.33378194703784175,0.2626361970861386,0.3108356599201749,0.3272101337586189,0.33378194703784175,높음
L2_NAME,논,23,23,0.8614232209737828,산지접근성_score,-0.2660472492162284,-0.4492255872372794,0.6656888187986109,-1.1799645971207153,0.646653884641062,-3.1934504977982034e-17,-0.26604724921622835,-0.3245040978964802,-0.13578513427763134,-0.31344045295964806,-0.3823107050780605,0.3245040978964802,낮음
기후권역,영서,1697,1697,63.558052434456926,산지접근성_score,0.26425654160042883,0.1505580270087522,0.8348942233717783,-1.2110971362911664,4.497850542395713,-3.1934504977982034e-17,0.2642565416004289,0.3223199296287261,-0.13578513427763134,0.28634316128638354,0.34925950001664713,0.3223199296287261,높음
발생시간대구분,아침(6~9시),288,288,10.786516853932584,선행건조_score,-0.3121292181426864,-0.20833319150621932,1.017141823459418,-4.234102907424951,2.015425165126857,-3.1934504977982034e-17,-0.31212921814268635,-0.31814358873097626,0.09018719614625645,-0.2985203876524758,-0.30427253174903135,0.31814358873097626,낮음
L2_NAME,상업지역,145,145,5.430711610486892,산지접근성_score,-0.2524207229757951,-0.3862711835619035,0.7032219993074577,-1.2103213940110658,2.9196507581061453,-3.1934504977982034e-17,-0.25242072297579504,-0.30788350280240845,-0.13578513427763134,-0.25048604928427215,-0.30552373572027847,0.30788350280240845,낮음
L1_NAME,나지,183,183,6.853932584269663,생활권접점_score,-0.28833020006147425,-0.35465250338952475,0.5838742748704977,-2.2316158785624225,1.1193875097570491,0.0,-0.28833020006147425,-0.30351911152341005,0.2626361970861386,-0.6172887004756633,-0.649806776681275,0.30351911152341005,낮음
