메타데이터,그룹,n,score_n,비중_pct,요인점수,평균,중앙값,표준편차,최소,최대,전체평균,평균차,평균차_sd,전체중앙값,중앙값차,중앙값차_sd,abs_평균차_sd,판정,토지피복해석판정,방향
L1_NAME,나지,183,183,6.853932584269663,생활권접점_score,-0.28833020006147425,-0.35465250338952475,0.5838742748704977,-2.2316158785624225,1.1193875097570491,0.0,-0.28833020006147425,-0.30351911152341005,0.2626361970861386,-0.6172887004756633,-0.649806776681275,0.30351911152341005,낮음,낮음,낮음
L1_NAME,나지,183,183,6.853932584269663,강수부족_score,-0.24731735611306863,0.1304125104266812,3.354439049831676,-31.964313861167327,0.2872709336622462,3.1934504977982034e-17,-0.24731735611306865,-0.2534665684076674,0.14032611471253795,-0.009913604285856747,-0.01016009267759949,0.2534665684076674,전체 평균과 큰 차이 작음,전체 평균과 큰 차이 작음,낮음
L1_NAME,농업지역,250,250,9.363295880149813,생활권접점_score,-0.4621055840586863,-0.3480737700126796,0.5493776173516522,-1.8892298263154605,0.756720867549159,0.0,-0.4621055840586863,-0.48644878779120215,0.2626361970861386,-0.6107099670988182,-0.6428814830108106,0.48644878779120215,낮음,낮음,낮음
L1_NAME,농업지역,250,250,9.363295880149813,산지접근성_score,0.11795580215344344,0.21929176051175656,0.7025656279752538,-1.2752946088541508,1.6863382123554984,-3.1934504977982034e-17,0.11795580215344346,0.14387347090497202,-0.13578513427763134,0.35507689478938786,0.4330956541252045,0.14387347090497202,전체 평균과 큰 차이 작음,전체 평균과 큰 차이 작음,높음
L1_NAME,미분류,46,46,1.7228464419475655,산지접근성_score,-0.5353776335852833,-0.5946605831972414,0.767401294816183,-1.544114268105195,1.5763700481379415,-3.1934504977982034e-17,-0.5353776335852833,-0.6530127130889628,-0.13578513427763134,-0.45887544891961,-0.5597011960739243,0.6530127130889628,낮음,낮음,낮음
L1_NAME,미분류,46,46,1.7228464419475655,강풍_score,0.460388441842344,0.6489432749851318,1.075265436538439,-1.1538744890231976,2.2582742929000927,1.0644834992660677e-17,0.460388441842344,0.4874214691288914,-0.09702517976127435,0.7459684547464062,0.7897701312423786,0.4874214691288914,높음,높음,높음
L1_NAME,산림지역,437,437,16.367041198501873,생활권접점_score,-1.3050782908610457,-1.3064313655164463,0.8493828770749708,-3.4153378903179794,0.7536360829879521,0.0,-1.3050782908610457,-1.3738283510578497,0.2626361970861386,-1.569067562602585,-1.6517242814654887,1.3738283510578497,낮음,낮음,낮음
L1_NAME,산림지역,437,437,16.367041198501873,산지접근성_score,0.49744647395305536,0.572260725918437,0.8653466807160854,-1.0650622784353425,3.431029342885773,-3.1934504977982034e-17,0.4974464739530554,0.6067471840339355,-0.13578513427763134,0.7080458601960684,0.8636202171198671,0.6067471840339355,높음,높음,높음
L1_NAME,습지,55,55,2.0599250936329585,강풍_score,0.20150706387134779,0.10269315563490285,0.8469774307668252,-1.3771817320520299,1.7812695160345622,1.0644834992660677e-17,0.20150706387134779,0.21333912884297795,-0.09702517976127435,0.1997183353961772,0.21144537004714162,0.21333912884297795,전체 평균과 큰 차이 작음,전체 평균과 큰 차이 작음,높음
L1_NAME,습지,55,55,2.0599250936329585,산지접근성_score,-0.1651241845202627,-0.2812026043693225,0.7129600086507667,-1.2539089942742867,2.094175819339526,-3.1934504977982034e-17,-0.16512418452026267,-0.20140585815675968,-0.13578513427763134,-0.14541747009169115,-0.1773691142814275,0.20140585815675968,전체 평균과 큰 차이 작음,전체 평균과 큰 차이 작음,낮음
L1_NAME,시가화건조지역,1129,1129,42.28464419475655,생활권접점_score,0.782697363567062,0.8530355926836621,0.25427807806073033,-0.2534503407187855,1.4940231235037063,0.0,0.782697363567062,0.8239289825725494,0.2626361970861386,0.5903993955975235,0.6215009733892334,0.8239289825725494,높음,높음,높음
L1_NAME,시가화건조지역,1129,1129,42.28464419475655,산지접근성_score,-0.16427590676563872,-0.355102079444217,0.775215999929694,-1.3326437612451725,4.497850542395713,-3.1934504977982034e-17,-0.1642759067656387,-0.20037119379416676,-0.13578513427763134,-0.21931694516658568,-0.2675060450892026,0.20037119379416676,전체 평균과 큰 차이 작음,전체 평균과 큰 차이 작음,낮음
L1_NAME,초지,568,568,21.273408239700377,생활권접점_score,-0.2418201967684062,-0.3092577505844127,0.6904148789878836,-2.7784640182708205,1.1644329703988077,0.0,-0.2418201967684062,-0.2545590134363796,0.2626361970861386,-0.5718939476705514,-0.6020206792267079,0.2545590134363796,전체 평균과 큰 차이 작음,전체 평균과 큰 차이 작음,낮음
L1_NAME,초지,568,568,21.273408239700377,산지접근성_score,-0.09645639253758345,-0.10471804902698312,0.735324922736328,-1.304976804317694,3.4686124112424523,-3.1934504977982034e-17,-0.09645639253758342,-0.11765013447411365,-0.13578513427763134,0.03106708525064822,0.03789325581540236,0.11765013447411365,전체 평균과 큰 차이 작음,전체 평균과 큰 차이 작음,낮음
L2_NAME,공공시설지역,33,33,1.2359550561797752,생활권접점_score,0.47172077656348904,0.46829135842956665,0.18878988917649933,0.23575854370397445,0.8777460996310898,0.0,0.47172077656348904,0.49657049784988505,0.2626361970861386,0.20565516134342804,0.2164888445187231,0.49657049784988505,높음,높음,높음
L2_NAME,공공시설지역,33,33,1.2359550561797752,산지접근성_score,-0.10347533337116131,-0.07671120216075311,0.54489955339557,-1.1510471302240868,1.8449644551175413,-3.1934504977982034e-17,-0.10347533337116128,-0.12621130197386776,-0.13578513427763134,0.059073932116878225,0.07205386677463968,0.12621130197386776,전체 평균과 큰 차이 작음,전체 평균과 큰 차이 작음,낮음
L2_NAME,과수원,12,12,0.44943820224719105,선행건조_score,0.7298603277663848,1.4056474988585796,1.3152658067838627,-3.0599575895854794,1.4063509845502324,-3.1934504977982034e-17,0.7298603277663848,0.7439238957815748,0.09018719614625645,1.3154603027123233,1.3408077078728335,0.7439238957815748,높음,높음,높음
L2_NAME,과수원,12,12,0.44943820224719105,강풍_score,0.6002617107554976,0.7557927493973609,0.43326653103649576,-0.30109624972151067,0.8961684518102868,1.0644834992660677e-17,0.6002617107554976,0.6355077980399385,-0.09702517976127435,0.8528179291586352,0.9028935788798699,0.6355077980399385,높음,높음,높음
L2_NAME,내륙습지,55,55,2.0599250936329585,강풍_score,0.20150706387134779,0.10269315563490285,0.8469774307668252,-1.3771817320520299,1.7812695160345622,1.0644834992660677e-17,0.20150706387134779,0.21333912884297795,-0.09702517976127435,0.1997183353961772,0.21144537004714162,0.21333912884297795,전체 평균과 큰 차이 작음,전체 평균과 큰 차이 작음,높음
L2_NAME,내륙습지,55,55,2.0599250936329585,산지접근성_score,-0.1651241845202627,-0.2812026043693225,0.7129600086507667,-1.2539089942742867,2.094175819339526,-3.1934504977982034e-17,-0.16512418452026267,-0.20140585815675968,-0.13578513427763134,-0.14541747009169115,-0.1773691142814275,0.20140585815675968,전체 평균과 큰 차이 작음,전체 평균과 큰 차이 작음,낮음
L2_NAME,논,23,23,0.8614232209737828,산지접근성_score,-0.2660472492162284,-0.4492255872372794,0.6656888187986109,-1.1799645971207153,0.646653884641062,-3.1934504977982034e-17,-0.26604724921622835,-0.3245040978964802,-0.13578513427763134,-0.31344045295964806,-0.3823107050780605,0.3245040978964802,낮음,낮음,낮음
L2_NAME,논,23,23,0.8614232209737828,강풍_score,0.24023275231862587,0.1362091662404077,0.7119471461344548,-1.1781808617221818,1.4253970269236609,1.0644834992660677e-17,0.24023275231862587,0.254338707113155,-0.09702517976127435,0.23323434600168202,0.24692936930503118,0.254338707113155,전체 평균과 큰 차이 작음,전체 평균과 큰 차이 작음,높음
L2_NAME,도로,847,847,31.722846441947567,생활권접점_score,0.87186174343574,0.8921759248030698,0.17846250428408683,0.2836209761403043,1.4940231235037063,0.0,0.87186174343574,0.9177904419392995,0.2626361970861386,0.6295397277169312,0.6627031742932001,0.9177904419392995,높음,높음,높음
L2_NAME,도로,847,847,31.722846441947567,산지접근성_score,-0.15801714411338286,-0.39260533501127687,0.8036741989589075,-1.2890186086741304,4.497850542395713,-3.1934504977982034e-17,-0.15801714411338283,-0.19273723353183836,-0.13578513427763134,-0.25682020073364553,-0.3132496494745982,0.19273723353183836,전체 평균과 큰 차이 작음,전체 평균과 큰 차이 작음,낮음
L2_NAME,문화·체육·휴양지역,53,53,1.9850187265917603,강풍_score,-0.8619186279591645,-0.8527450506285792,0.30376780047693225,-1.5179527820401266,0.16041437013469792,1.0644834992660677e-17,-0.8619186279591645,-0.9125286513019802,-0.09702517976127435,-0.7557198708673049,-0.8000941297179165,0.9125286513019802,낮음,낮음,낮음
L2_NAME,문화·체육·휴양지역,53,53,1.9850187265917603,생활권접점_score,0.45443753614465754,0.5148305191096082,0.3152892996994262,-0.19764823124640749,0.9116057078723052,0.0,0.45443753614465754,0.478376795715836,0.2626361970861386,0.2521943220234696,0.26547963597116114,0.478376795715836,높음,높음,높음
L2_NAME,미분류,46,46,1.7228464419475655,산지접근성_score,-0.5353776335852833,-0.5946605831972414,0.767401294816183,-1.544114268105195,1.5763700481379415,-3.1934504977982034e-17,-0.5353776335852833,-0.6530127130889628,-0.13578513427763134,-0.45887544891961,-0.5597011960739243,0.6530127130889628,낮음,낮음,낮음
L2_NAME,미분류,46,46,1.7228464419475655,강풍_score,0.460388441842344,0.6489432749851318,1.075265436538439,-1.1538744890231976,2.2582742929000927,1.0644834992660677e-17,0.460388441842344,0.4874214691288914,-0.09702517976127435,0.7459684547464062,0.7897701312423786,0.4874214691288914,높음,높음,높음
L2_NAME,밭,203,203,7.602996254681647,생활권접점_score,-0.5460763264709226,-0.48529281476514774,0.5442384011192561,-1.8892298263154605,0.756720867549159,0.0,-0.5460763264709226,-0.5748430147070408,0.2626361970861386,-0.7479290118512864,-0.7873290730949585,0.5748430147070408,낮음,낮음,낮음
L2_NAME,밭,203,203,7.602996254681647,산지접근성_score,0.1996488049116427,0.4950008651187536,0.7074136725053796,-1.2752946088541508,1.6863382123554984,-3.1934504977982034e-17,0.19964880491164272,0.24351635104224606,-0.13578513427763134,0.6307859993963849,0.7693845446734571,0.24351635104224606,전체 평균과 큰 차이 작음,전체 평균과 큰 차이 작음,높음
L2_NAME,상업지역,145,145,5.430711610486892,생활권접점_score,0.5459089372943126,0.5275874952076145,0.2528760606731313,-0.2534503407187855,1.0647860828667823,0.0,0.5459089372943126,0.5746668076564005,0.2626361970861386,0.2649512981214759,0.2789086352579744,0.5746668076564005,높음,높음,높음
L2_NAME,상업지역,145,145,5.430711610486892,산지접근성_score,-0.2524207229757951,-0.3862711835619035,0.7032219993074577,-1.2103213940110658,2.9196507581061453,-3.1934504977982034e-17,-0.25242072297579504,-0.30788350280240845,-0.13578513427763134,-0.25048604928427215,-0.30552373572027847,0.30788350280240845,낮음,낮음,낮음
L2_NAME,시설재배지,11,11,0.41198501872659177,산지접근성_score,-0.24273460098670308,-0.18738815385601731,0.4310255819985329,-0.9088960724077061,0.286758087380637,-3.1934504977982034e-17,-0.24273460098670305,-0.2960691116089444,-0.13578513427763134,-0.05160301957838598,-0.06294141873802585,0.2960691116089444,전체 평균과 큰 차이 작음,전체 평균과 큰 차이 작음,낮음
L2_NAME,시설재배지,11,11,0.41198501872659177,선행건조_score,0.23990030899158654,0.2071635752578454,0.6267041779526914,-0.8167714285885478,1.1108903807307926,-3.1934504977982034e-17,0.23990030899158657,0.24452291167872456,0.09018719614625645,0.11697637911158895,0.11923037922807844,0.24452291167872456,전체 평균과 큰 차이 작음,전체 평균과 큰 차이 작음,높음
L2_NAME,인공나지,172,172,6.441947565543071,생활권접점_score,-0.27604949245607796,-0.36642247701540703,0.5790947660641903,-2.0139448117922996,1.1193875097570491,0.0,-0.27604949245607796,-0.2905914700190725,0.2626361970861386,-0.6290586741015456,-0.6621967793130495,0.2905914700190725,전체 평균과 큰 차이 작음,전체 평균과 큰 차이 작음,낮음
L2_NAME,인공나지,172,172,6.441947565543071,강수부족_score,-0.2691871048373525,0.13048713524304983,3.459297572976697,-31.964313861167327,0.2872709336622462,3.1934504977982034e-17,-0.26918710483735253,-0.2758800789198368,0.14032611471253795,-0.009838979469488113,-0.01008361241588117,0.2758800789198368,전체 평균과 큰 차이 작음,전체 평균과 큰 차이 작음,낮음
L2_NAME,인공초지,558,558,20.89887640449438,생활권접점_score,-0.23620553968991673,-0.3103045433969076,0.6816758473311175,-2.7784640182708205,1.1644329703988077,0.0,-0.23620553968991673,-0.2486485825220723,0.2626361970861386,-0.5729407404830462,-0.6031226159101695,0.2486485825220723,전체 평균과 큰 차이 작음,전체 평균과 큰 차이 작음,낮음
L2_NAME,인공초지,558,558,20.89887640449438,산지접근성_score,-0.09785892228452031,-0.11208128595725321,0.7378915797102823,-1.304976804317694,3.4686124112424523,-3.1934504977982034e-17,-0.09785892228452028,-0.11936083304981222,-0.13578513427763134,0.023703848320378126,0.028912142254955912,0.11936083304981222,전체 평균과 큰 차이 작음,전체 평균과 큰 차이 작음,낮음
L2_NAME,자연나지,11,11,0.41198501872659177,산지접근성_score,1.0720562462240242,0.5477808714738311,1.4305380631847047,-0.5819474909218215,3.2921957243618585,-3.1934504977982034e-17,1.0720562462240242,1.3076122609802705,-0.13578513427763134,0.6835660057514625,0.8337615619126197,1.3076122609802705,높음,높음,높음
L2_NAME,자연나지,11,11,0.41198501872659177,선행건조_score,-0.7863535490072194,-0.8855661950996072,1.379667422609195,-2.871545278059205,1.4386986339551184,-3.1934504977982034e-17,-0.7863535490072194,-0.8015056763386134,0.09018719614625645,-0.9757533912458637,-0.994555035425969,0.8015056763386134,낮음,낮음,낮음
L2_NAME,자연초지,10,10,0.37453183520599254,생활권접점_score,-0.5551180617481204,-0.20534948736001335,1.0773643508252169,-2.3847301102969096,0.8803645931237524,0.0,-0.5551180617481204,-0.5843610584547294,0.2626361970861386,-0.46798568444615196,-0.492638645270202,0.5843610584547294,낮음,낮음,낮음
L2_NAME,자연초지,10,10,0.37453183520599254,선행건조_score,0.1222831285068086,-0.004788529023185065,0.73381277163065,-1.3304809793604382,1.0882681477726883,-3.1934504977982034e-17,0.12228312850680863,0.1246393835729371,0.09018719614625645,-0.09497572516944151,-0.09680579802022944,0.1246393835729371,전체 평균과 큰 차이 작음,전체 평균과 큰 차이 작음,높음
L2_NAME,주거지역,50,50,1.8726591760299627,생활권접점_score,0.5135421352233894,0.537049970146755,0.25063377251958996,0.03600102869828378,0.9742602097909078,0.0,0.5135421352233894,0.5405949587646574,0.2626361970861386,0.27441377306061643,0.28886958276096963,0.5405949587646574,높음,높음,높음
L2_NAME,주거지역,50,50,1.8726591760299627,산지접근성_score,0.1348005225046264,0.1663194560738563,0.8213797179622485,-1.258856751619219,1.4369415255174918,-3.1934504977982034e-17,0.13480052250462643,0.164419373176025,-0.13578513427763134,0.3021045903514876,0.3684840863839133,0.164419373176025,전체 평균과 큰 차이 작음,전체 평균과 큰 차이 작음,높음
L2_NAME,침엽수림,217,217,8.127340823970037,생활권접점_score,-1.3556700537861053,-1.4289729845681645,0.6828743339147748,-3.4153378903179794,0.7536360829879521,0.0,-1.3556700537861053,-1.427085231294964,0.2626361970861386,-1.691609181654303,-1.7807212555295573,1.427085231294964,낮음,낮음,낮음
L2_NAME,침엽수림,217,217,8.127340823970037,산지접근성_score,0.4304350920509349,0.5712921584310868,0.8161006513699643,-1.0650622784353425,3.3658686246358127,-3.1934504977982034e-17,0.43043509205093494,0.5250118227512837,-0.13578513427763134,0.7070772927087181,0.8624388325362625,0.5250118227512837,높음,높음,높음
L2_NAME,혼효림,50,50,1.8726591760299627,산지접근성_score,0.7054812756242238,0.5751046578415009,0.7446334195728941,-0.9157516957736747,3.2970278367493377,-3.1934504977982034e-17,0.7054812756242238,0.8604921328964167,-0.13578513427763134,0.7108897921191322,0.8670890278889751,0.8604921328964167,높음,높음,높음
L2_NAME,혼효림,50,50,1.8726591760299627,생활권접점_score,-0.7114399719378374,-0.5416800508558713,0.9337667136108087,-2.8074298278873067,0.3118438990318001,0.0,-0.7114399719378374,-0.7489178314958788,0.2626361970861386,-0.80431624794201,-0.8466867255221695,0.7489178314958788,낮음,낮음,낮음
L2_NAME,활엽수림,170,170,6.367041198501873,생활권접점_score,-1.4150988990458837,-1.290386360608496,0.944841495772846,-3.1173343224944197,0.46643190302819176,0.0,-1.4150988990458837,-1.4896447214498778,0.2626361970861386,-1.5530225576946346,-1.6348340436998592,1.4896447214498778,낮음,낮음,낮음
L2_NAME,활엽수림,170,170,6.367041198501873,산지접근성_score,0.5217978256542418,0.4532072416683214,0.9490531695164768,-1.0230112515205256,3.431029342885773,-3.1934504977982034e-17,0.5217978256542418,0.6364491014175315,-0.13578513427763134,0.5889923759459528,0.7184078775003826,0.6364491014175315,높음,높음,높음
